id,created_utc,username,num_comments,upvotes,brand,title
1bsqbcx,2024-04-01 00:54:10,Fatevilmonkey,0,2,Citizen,[Citizen] Chronograph Quartz Green
1bsq8jk,2024-04-01 00:50:31,bertm925,0,3,Omega,[Omega Moonswatch Pluto] New watch and strap
1bsq7zq,2024-04-01 00:49:53,Macklin_You_SOB,1,0,,What are the watches that these Yankees are flexing?
1bsq4tx,2024-04-01 00:45:47,kopriva1,0,2,,[Tool watches]
1bspuu6,2024-04-01 00:33:06,Suimijeejee,0,2,,"Old Slava watch I found, info on age/model?"
1bspnmi,2024-04-01 00:23:51,Dismal_Mention8423,0,1,,[SOTC] Aqua Terra / SJE093
1bspkhj,2024-04-01 00:20:06,InnoBystand,1,1,,[Question] slimmer Orient Sun and Moon?
1bspkd5,2024-04-01 00:19:59,KingOfNewEngland16,2,1,Tudor,[Tudor] ID Help
1bspjo0,2024-04-01 00:19:04,Fun_Exit9053,1,2,,[IWC Ingenieur] New white dial
1bsp4wi,2024-04-01 00:01:36,CameraFantastic9469,1,0,,Van someone help identify this watch? I'm thinking maybe an OP but not sure. Thanks!
